{
  "generated_at": "2026-03-07T09:00:49+00:00",
  "baseline": {
    "label": "Production",
    "config_path": "config/parameters_production.yaml",
    "strict_thresholds": {
      "max_color_L": 22.0,
      "min_strength_g_tex": 28.5,
      "min_yield_index": 0.88,
      "min_temporal_gap_days": 0.5,
      "max_toxicity_pre_cellulose": 0.08
    },
    "noise": {
      "timing_sigma_dpa": 1.35,
      "strength_cv": 0.14400000000000002,
      "competition_cv": 0.216,
      "efficiency_cv": 0.18000000000000002,
      "retention_sigma": 0.09000000000000001,
      "hill_cv": 0.14400000000000002,
      "leakage_cv": 0.216,
      "copper_sigma": 0.07200000000000001,
      "activation_sigma": 0.09000000000000001,
      "ros_cv": 0.18000000000000002,
      "silencing_sigma": 0.054,
      "event_cv_sigma": 0.07200000000000001
    },
    "correlated_profile": "construct_bundle_v1",
    "stability_design": {
      "insulator_effectiveness": 0.0,
      "intron_silencing_relief": 0.0,
      "matrix_attachment_relief": 0.0,
      "repeat_penalty": 0.0
    },
    "stability_silencing_scale": 1.0,
    "stability_event_cv_scale": 1.0,
    "deterministic_pool_size": 42180,
    "seed_candidates": 180,
    "independent_top_success_rate": 0.8416666666666667,
    "independent_top_robust_score": 0.859135027024047,
    "correlated_top_success_rate": 0.7083333333333334,
    "correlated_top_robust_score": 0.7655813132172571,
    "correlated_fragility_index": 0.08583333333333333,
    "correlated_penalty_success_rate": -0.1333333333333333,
    "correlated_penalty_robust_score": -0.0935537138067899,
    "correlated_top3": [
      {
        "input_rank": 86,
        "base_candidate": {
          "color_L": 17.148191351766826,
          "strength_g_tex": 29.112494596165387,
          "yield_index": 0.9106269625963834,
          "temporal_gap_days": 1.75,
          "toxicity_pre_cellulose": 0.016468277897618434,
          "mat_activation_dpa": 39.0,
          "scw_activation_dpa": 34.0,
          "mat_strength": 1.2,
          "scw_strength": 1.2,
          "k_competition": 0.03,
          "melanin_efficiency": 1.7,
          "late_retention_factor": 0.85
        },
        "n_trials": 120,
        "success_rate": 0.7083333333333334,
        "robust_score": 0.7655813132172571,
        "risk_temporal_overlap": 0.03333333333333333,
        "risk_strength_failure": 0.0,
        "risk_darkness_failure": 0.25833333333333336,
        "risk_yield_failure": 0.0,
        "risk_toxicity_failure": 0.0,
        "fragility_index": 0.08583333333333333,
        "p10_color_L": 16.421690859975865,
        "p50_color_L": 19.922330119828022,
        "p90_color_L": 25.401731769837884,
        "p10_strength_g_tex": 28.993983896266883,
        "p50_strength_g_tex": 29.151554002816923,
        "p90_strength_g_tex": 29.295333962812585,
        "p10_yield_index": 0.9028313348045399,
        "p50_yield_index": 0.9159417743581275,
        "p90_yield_index": 0.9287124956212837,
        "p10_temporal_gap_days": 1.0,
        "p50_temporal_gap_days": 2.625,
        "p90_temporal_gap_days": 4.262500000000001,
        "p10_toxicity_pre_cellulose": 0.008278488610574501,
        "p50_toxicity_pre_cellulose": 0.013712547897515338,
        "p90_toxicity_pre_cellulose": 0.02196207192465002,
        "p10_composite_score": 0.8485158488945903,
        "p50_composite_score": 0.8822456045083593,
        "p90_composite_score": 0.9023280411046039
      },
      {
        "input_rank": 178,
        "base_candidate": {
          "color_L": 17.30496374579708,
          "strength_g_tex": 29.09329292373062,
          "yield_index": 0.9099433279518524,
          "temporal_gap_days": 2.0,
          "toxicity_pre_cellulose": 0.01566007856250742,
          "mat_activation_dpa": 39.0,
          "scw_activation_dpa": 35.0,
          "mat_strength": 1.2,
          "scw_strength": 1.2,
          "k_competition": 0.05,
          "melanin_efficiency": 1.7,
          "late_retention_factor": 0.85
        },
        "n_trials": 120,
        "success_rate": 0.7,
        "robust_score": 0.7592633782873318,
        "risk_temporal_overlap": 0.008333333333333333,
        "risk_strength_failure": 0.0,
        "risk_darkness_failure": 0.3,
        "risk_yield_failure": 0.0,
        "risk_toxicity_failure": 0.0,
        "fragility_index": 0.09208333333333334,
        "p10_color_L": 15.701185528713253,
        "p50_color_L": 20.295403315342295,
        "p90_color_L": 26.604577953120987,
        "p10_strength_g_tex": 28.99166526372906,
        "p50_strength_g_tex": 29.135533090256523,
        "p90_strength_g_tex": 29.291893283508237,
        "p10_yield_index": 0.9034254623326183,
        "p50_yield_index": 0.9146377866450753,
        "p90_yield_index": 0.9301733780658037,
        "p10_temporal_gap_days": 1.375,
        "p50_temporal_gap_days": 2.75,
        "p90_temporal_gap_days": 4.887500000000001,
        "p10_toxicity_pre_cellulose": 0.007998235642371237,
        "p50_toxicity_pre_cellulose": 0.012791119701937742,
        "p90_toxicity_pre_cellulose": 0.01975280086187583,
        "p10_composite_score": 0.8398912364743976,
        "p50_composite_score": 0.8809909072370314,
        "p90_composite_score": 0.9070982772922814
      },
      {
        "input_rank": 87,
        "base_candidate": {
          "color_L": 17.148191351766826,
          "strength_g_tex": 29.112494596165387,
          "yield_index": 0.9106269625963834,
          "temporal_gap_days": 1.75,
          "toxicity_pre_cellulose": 0.01646827789761844,
          "mat_activation_dpa": 39.0,
          "scw_activation_dpa": 34.0,
          "mat_strength": 1.3,
          "scw_strength": 1.3,
          "k_competition": 0.03,
          "melanin_efficiency": 1.7,
          "late_retention_factor": 0.85
        },
        "n_trials": 120,
        "success_rate": 0.7,
        "robust_score": 0.7591964306190027,
        "risk_temporal_overlap": 0.05,
        "risk_strength_failure": 0.0,
        "risk_darkness_failure": 0.26666666666666666,
        "risk_yield_failure": 0.0,
        "risk_toxicity_failure": 0.0,
        "fragility_index": 0.0925,
        "p10_color_L": 15.775747755906869,
        "p50_color_L": 20.33280582490033,
        "p90_color_L": 25.119481042095234,
        "p10_strength_g_tex": 29.026413720659896,
        "p50_strength_g_tex": 29.17324878869808,
        "p90_strength_g_tex": 29.31945306839859,
        "p10_yield_index": 0.9046284562844825,
        "p50_yield_index": 0.9174305210237019,
        "p90_yield_index": 0.9314717848856301,
        "p10_temporal_gap_days": 1.0,
        "p50_temporal_gap_days": 2.625,
        "p90_temporal_gap_days": 4.5,
        "p10_toxicity_pre_cellulose": 0.008101137225088652,
        "p50_toxicity_pre_cellulose": 0.01303940875581162,
        "p90_toxicity_pre_cellulose": 0.021202912491183484,
        "p10_composite_score": 0.8480939546729303,
        "p50_composite_score": 0.8808201134037135,
        "p90_composite_score": 0.9073764487002888
      }
    ]
  },
  "anti_silencing": {
    "label": "Anti-Silencing",
    "config_path": "config/variants/variant_anti_silencing_construct.yaml",
    "strict_thresholds": {
      "max_color_L": 22.0,
      "min_strength_g_tex": 28.5,
      "min_yield_index": 0.88,
      "min_temporal_gap_days": 0.5,
      "max_toxicity_pre_cellulose": 0.08
    },
    "noise": {
      "timing_sigma_dpa": 1.35,
      "strength_cv": 0.14400000000000002,
      "competition_cv": 0.216,
      "efficiency_cv": 0.18000000000000002,
      "retention_sigma": 0.09000000000000001,
      "hill_cv": 0.14400000000000002,
      "leakage_cv": 0.216,
      "copper_sigma": 0.07200000000000001,
      "activation_sigma": 0.09000000000000001,
      "ros_cv": 0.18000000000000002,
      "silencing_sigma": 0.054,
      "event_cv_sigma": 0.07200000000000001
    },
    "correlated_profile": "construct_bundle_v1",
    "stability_design": {
      "insulator_effectiveness": 0.26,
      "intron_silencing_relief": 0.22,