{
  "baseline_top3": [
    {
      "input_rank": 198,
      "base_candidate": {
        "color_L": 16.869570048662254,
        "strength_g_tex": 29.07359698328461,
        "yield_index": 0.9079681447780233,
        "temporal_gap_days": 1.75,
        "toxicity_pre_cellulose": 0.016608413050159417,
        "mat_activation_dpa": 38.0,
        "scw_activation_dpa": 35.0,
        "mat_strength": 1.1,
        "scw_strength": 1.0,
        "k_competition": 0.05,
        "melanin_efficiency": 1.7,
        "late_retention_factor": 0.85
      },
      "n_trials": 140,
      "success_rate": 0.7642857142857142,
      "robust_score": 0.8044452741986057,
      "risk_temporal_overlap": 0.05,
      "risk_strength_failure": 0.0,
      "risk_darkness_failure": 0.2,
      "risk_yield_failure": 0.0,
      "risk_toxicity_failure": 0.0,
      "fragility_index": 0.0725,
      "p10_color_L": 15.363439662047721,
      "p50_color_L": 19.441412162251293,
      "p90_color_L": 23.979819606082618,
      "p10_strength_g_tex": 28.94841901884804,
      "p50_strength_g_tex": 29.12699134355704,
      "p90_strength_g_tex": 29.26138403647985,
      "p10_yield_index": 0.8988485510739725,
      "p50_yield_index": 0.9137602641082645,
      "p90_yield_index": 0.9261459666824684,
      "p10_temporal_gap_days": 0.9875,
      "p50_temporal_gap_days": 2.5625,
      "p90_temporal_gap_days": 4.25,
      "p10_toxicity_pre_cellulose": 0.008924796823374234,
      "p50_toxicity_pre_cellulose": 0.01410576127316056,
      "p90_toxicity_pre_cellulose": 0.020997880783356685,
      "p10_composite_score": 0.8557616002934457,
      "p50_composite_score": 0.8827999573493328,
      "p90_composite_score": 0.9070949906148257
    },
    {
      "input_rank": 48,
      "base_candidate": {
        "color_L": 16.38727974771274,
        "strength_g_tex": 29.030956656438423,
        "yield_index": 0.9040992556930557,
        "temporal_gap_days": 1.375,
        "toxicity_pre_cellulose": 0.017873832118124728,
        "mat_activation_dpa": 38.0,
        "scw_activation_dpa": 35.0,
        "mat_strength": 1.3,
        "scw_strength": 1.3,
        "k_competition": 0.05,
        "melanin_efficiency": 1.7,
        "late_retention_factor": 0.85
      },
      "n_trials": 140,
      "success_rate": 0.75,
      "robust_score": 0.7943734965990679,
      "risk_temporal_overlap": 0.07142857142857142,
      "risk_strength_failure": 0.0,
      "risk_darkness_failure": 0.19285714285714287,
      "risk_yield_failure": 0.0,
      "risk_toxicity_failure": 0.0,
      "fragility_index": 0.0757142857142857,
      "p10_color_L": 15.012482529035712,
      "p50_color_L": 19.43260113172548,
      "p90_color_L": 24.851194046480025,
      "p10_strength_g_tex": 28.93771066591019,
      "p50_strength_g_tex": 29.107799259780982,
      "p90_strength_g_tex": 29.239239126140603,
      "p10_yield_index": 0.8964475129730051,
      "p50_yield_index": 0.912197964044478,
      "p90_yield_index": 0.9243552709358067,
      "p10_temporal_gap_days": 0.75,
      "p50_temporal_gap_days": 2.125,
      "p90_temporal_gap_days": 4.037500000000003,
      "p10_toxicity_pre_cellulose": 0.008993221856892738,
      "p50_toxicity_pre_cellulose": 0.014548253664633533,
      "p90_toxicity_pre_cellulose": 0.02175656220368567,
      "p10_composite_score": 0.8509423541499791,
      "p50_composite_score": 0.882071151425119,
      "p90_composite_score": 0.9089568751580119
    },
    {
      "input_rank": 91,
      "base_candidate": {
        "color_L": 16.802161980214137,
        "strength_g_tex": 29.110560613013785,
        "yield_index": 0.9101775711418931,
        "temporal_gap_days": 1.75,
        "toxicity_pre_cellulose": 0.017032845286859964,
        "mat_activation_dpa": 39.0,
        "scw_activation_dpa": 34.0,
        "mat_strength": 1.2,
        "scw_strength": 1.2,
        "k_competition": 0.03,
        "melanin_efficiency": 1.7,
        "late_retention_factor": 0.85
      },
      "n_trials": 140,
      "success_rate": 0.7357142857142858,
      "robust_score": 0.7857491301849369,
      "risk_temporal_overlap": 0.05714285714285714,
      "risk_strength_failure": 0.0,
      "risk_darkness_failure": 0.20714285714285716,
      "risk_yield_failure": 0.0,
      "risk_toxicity_failure": 0.0,
      "fragility_index": 0.07642857142857143,
      "p10_color_L": 14.797216271468184,
      "p50_color_L": 19.211430552826624,
      "p90_color_L": 24.01815825692466,
      "p10_strength_g_tex": 28.999333511660605,
      "p50_strength_g_tex": 29.156044573738082,
      "p90_strength_g_tex": 29.307410324937962,
      "p10_yield_index": 0.9009187891546958,
      "p50_yield_index": 0.9163352358664967,
      "p90_yield_index": 0.9298560784953086,
      "p10_temporal_gap_days": 0.9875,
      "p50_temporal_gap_days": 2.625,
      "p90_temporal_gap_days": 4.512500000000001,
      "p10_toxicity_pre_cellulose": 0.008505422168612949,
      "p50_toxicity_pre_cellulose": 0.015174408415970338,
      "p90_toxicity_pre_cellulose": 0.02270966947875816,
      "p10_composite_score": 0.8547963617662665,
      "p50_composite_score": 0.8862401647061151,
      "p90_composite_score": 0.9100775646064097
    }
  ],
  "variant_top3": [
    {
      "input_rank": 179,
      "base_candidate": {
        "color_L": 16.98457661254315,
        "strength_g_tex": 29.007795145749352,
        "yield_index": 0.904435993960973,
        "temporal_gap_days": 2.125,
        "toxicity_pre_cellulose": 0.015342193963790458,
        "mat_activation_dpa": 39.0,
        "scw_activation_dpa": 35.0,
        "mat_strength": 1.3,
        "scw_strength": 1.0,
        "k_competition": 0.1,
        "melanin_efficiency": 1.7,
        "late_retention_factor": 0.85
      },
      "n_trials": 140,
      "success_rate": 0.7714285714285715,
      "robust_score": 0.810004787892571,
      "risk_temporal_overlap": 0.007142857142857143,
      "risk_strength_failure": 0.0,
      "risk_darkness_failure": 0.21428571428571427,
      "risk_yield_failure": 0.007142857142857143,
      "risk_toxicity_failure": 0.0,
      "fragility_index": 0.06678571428571427,
      "p10_color_L": 15.902252826749057,
      "p50_color_L": 19.29904980534921,
      "p90_color_L": 24.42599210297492,
      "p10_strength_g_tex": 28.90970835837161,
      "p50_strength_g_tex": 29.09758117827647,
      "p90_strength_g_tex": 29.239973998818183,
      "p10_yield_index": 0.8975007686882164,
      "p50_yield_index": 0.9126673727007065,
      "p90_yield_index": 0.9265792667631125,
      "p10_temporal_gap_days": 1.6125,
      "p50_temporal_gap_days": 3.125,
      "p90_temporal_gap_days": 5.0,
      "p10_toxicity_pre_cellulose": 0.008007913520670972,
      "p50_toxicity_pre_cellulose": 0.012807330850742371,
      "p90_toxicity_pre_cellulose": 0.019734458912556926,
      "p10_composite_score": 0.8547108364112139,
      "p50_composite_score": 0.8843431297608451,
      "p90_composite_score": 0.9049749162231261
    },
    {
      "input_rank": 146,
      "base_candidate": {
        "color_L": 17.568484110396412,
        "strength_g_tex": 29.18593864267215,
        "yield_index": 0.9178742196393046,
        "temporal_gap_days": 2.875,
        "toxicity_pre_cellulose": 0.013853309303918903,
        "mat_activation_dpa": 40.0,
        "scw_activation_dpa": 35.0,
        "mat_strength": 1.3,
        "scw_strength": 1.0,
        "k_competition": 0.05,
        "melanin_efficiency": 1.7,
        "late_retention_factor": 0.85
      },
      "n_trials": 140,
      "success_rate": 0.75,
      "robust_score": 0.7944314441519129,
      "risk_temporal_overlap": 0.007142857142857143,
      "risk_strength_failure": 0.0,
      "risk_darkness_failure": 0.24285714285714285,
      "risk_yield_failure": 0.0,
      "risk_toxicity_failure": 0.0,
      "fragility_index": 0.07464285714285714,
      "p10_color_L": 16.25546029483594,
      "p50_color_L": 20.22275611362369,
      "p90_color_L": 26.03023898016439,
      "p10_strength_g_tex": 29.08758286500949,
      "p50_strength_g_tex": 29.23048354372732,