{
  "baseline_top3": [
    {
      "input_rank": 86,
      "base_candidate": {
        "color_L": 17.148191351766826,
        "strength_g_tex": 29.112494596165387,
        "yield_index": 0.9106269625963834,
        "temporal_gap_days": 1.75,
        "toxicity_pre_cellulose": 0.016468277897618434,
        "mat_activation_dpa": 39.0,
        "scw_activation_dpa": 34.0,
        "mat_strength": 1.2,
        "scw_strength": 1.2,
        "k_competition": 0.03,
        "melanin_efficiency": 1.7,
        "late_retention_factor": 0.85
      },
      "n_trials": 120,
      "success_rate": 0.7083333333333334,
      "robust_score": 0.7655813132172571,
      "risk_temporal_overlap": 0.03333333333333333,
      "risk_strength_failure": 0.0,
      "risk_darkness_failure": 0.25833333333333336,
      "risk_yield_failure": 0.0,
      "risk_toxicity_failure": 0.0,
      "fragility_index": 0.08583333333333333,
      "p10_color_L": 16.421690859975865,
      "p50_color_L": 19.922330119828022,
      "p90_color_L": 25.401731769837884,
      "p10_strength_g_tex": 28.993983896266883,
      "p50_strength_g_tex": 29.151554002816923,
      "p90_strength_g_tex": 29.295333962812585,
      "p10_yield_index": 0.9028313348045399,
      "p50_yield_index": 0.9159417743581275,
      "p90_yield_index": 0.9287124956212837,
      "p10_temporal_gap_days": 1.0,
      "p50_temporal_gap_days": 2.625,
      "p90_temporal_gap_days": 4.262500000000001,
      "p10_toxicity_pre_cellulose": 0.008278488610574501,
      "p50_toxicity_pre_cellulose": 0.013712547897515338,
      "p90_toxicity_pre_cellulose": 0.02196207192465002,
      "p10_composite_score": 0.8485158488945903,
      "p50_composite_score": 0.8822456045083593,
      "p90_composite_score": 0.9023280411046039
    },
    {
      "input_rank": 178,
      "base_candidate": {
        "color_L": 17.30496374579708,
        "strength_g_tex": 29.09329292373062,
        "yield_index": 0.9099433279518524,
        "temporal_gap_days": 2.0,
        "toxicity_pre_cellulose": 0.01566007856250742,
        "mat_activation_dpa": 39.0,
        "scw_activation_dpa": 35.0,
        "mat_strength": 1.2,
        "scw_strength": 1.2,
        "k_competition": 0.05,
        "melanin_efficiency": 1.7,
        "late_retention_factor": 0.85
      },
      "n_trials": 120,
      "success_rate": 0.7,
      "robust_score": 0.7592633782873318,
      "risk_temporal_overlap": 0.008333333333333333,
      "risk_strength_failure": 0.0,
      "risk_darkness_failure": 0.3,
      "risk_yield_failure": 0.0,
      "risk_toxicity_failure": 0.0,
      "fragility_index": 0.09208333333333334,
      "p10_color_L": 15.701185528713253,
      "p50_color_L": 20.295403315342295,
      "p90_color_L": 26.604577953120987,
      "p10_strength_g_tex": 28.99166526372906,
      "p50_strength_g_tex": 29.135533090256523,
      "p90_strength_g_tex": 29.291893283508237,
      "p10_yield_index": 0.9034254623326183,
      "p50_yield_index": 0.9146377866450753,
      "p90_yield_index": 0.9301733780658037,
      "p10_temporal_gap_days": 1.375,
      "p50_temporal_gap_days": 2.75,
      "p90_temporal_gap_days": 4.887500000000001,
      "p10_toxicity_pre_cellulose": 0.007998235642371237,
      "p50_toxicity_pre_cellulose": 0.012791119701937742,
      "p90_toxicity_pre_cellulose": 0.01975280086187583,
      "p10_composite_score": 0.8398912364743976,
      "p50_composite_score": 0.8809909072370314,
      "p90_composite_score": 0.9070982772922814
    },
    {
      "input_rank": 87,
      "base_candidate": {
        "color_L": 17.148191351766826,
        "strength_g_tex": 29.112494596165387,
        "yield_index": 0.9106269625963834,
        "temporal_gap_days": 1.75,
        "toxicity_pre_cellulose": 0.01646827789761844,
        "mat_activation_dpa": 39.0,
        "scw_activation_dpa": 34.0,
        "mat_strength": 1.3,
        "scw_strength": 1.3,
        "k_competition": 0.03,
        "melanin_efficiency": 1.7,
        "late_retention_factor": 0.85
      },
      "n_trials": 120,
      "success_rate": 0.7,
      "robust_score": 0.7591964306190027,
      "risk_temporal_overlap": 0.05,
      "risk_strength_failure": 0.0,
      "risk_darkness_failure": 0.26666666666666666,
      "risk_yield_failure": 0.0,
      "risk_toxicity_failure": 0.0,
      "fragility_index": 0.0925,
      "p10_color_L": 15.775747755906869,
      "p50_color_L": 20.33280582490033,
      "p90_color_L": 25.119481042095234,
      "p10_strength_g_tex": 29.026413720659896,
      "p50_strength_g_tex": 29.17324878869808,
      "p90_strength_g_tex": 29.31945306839859,
      "p10_yield_index": 0.9046284562844825,
      "p50_yield_index": 0.9174305210237019,
      "p90_yield_index": 0.9314717848856301,
      "p10_temporal_gap_days": 1.0,
      "p50_temporal_gap_days": 2.625,
      "p90_temporal_gap_days": 4.5,
      "p10_toxicity_pre_cellulose": 0.008101137225088652,
      "p50_toxicity_pre_cellulose": 0.01303940875581162,
      "p90_toxicity_pre_cellulose": 0.021202912491183484,
      "p10_composite_score": 0.8480939546729303,
      "p50_composite_score": 0.8808201134037135,
      "p90_composite_score": 0.9073764487002888
    }
  ],
  "anti_silencing_top3": [
    {
      "input_rank": 174,
      "base_candidate": {
        "color_L": 16.829254332734223,
        "strength_g_tex": 29.070038214542482,
        "yield_index": 0.9076444762354423,
        "temporal_gap_days": 1.75,
        "toxicity_pre_cellulose": 0.01671271578831997,
        "mat_activation_dpa": 38.0,
        "scw_activation_dpa": 35.0,
        "mat_strength": 1.2,
        "scw_strength": 1.1,
        "k_competition": 0.05,
        "melanin_efficiency": 1.7,
        "late_retention_factor": 0.85
      },
      "n_trials": 120,
      "success_rate": 0.8,
      "robust_score": 0.829890892379557,
      "risk_temporal_overlap": 0.03333333333333333,
      "risk_strength_failure": 0.0,
      "risk_darkness_failure": 0.175,
      "risk_yield_failure": 0.0,
      "risk_toxicity_failure": 0.0,
      "fragility_index": 0.06083333333333333,
      "p10_color_L": 15.361433448623275,
      "p50_color_L": 18.880307162273102,
      "p90_color_L": 24.091424210159726,
      "p10_strength_g_tex": 28.937574651670833,
      "p50_strength_g_tex": 29.09518399943824,
      "p90_strength_g_tex": 29.235311813543092,
      "p10_yield_index": 0.8976110446373808,
      "p50_yield_index": 0.9102723200769721,
      "p90_yield_index": 0.9230991920731383,
      "p10_temporal_gap_days": 0.75,
      "p50_temporal_gap_days": 2.1875,
      "p90_temporal_gap_days": 3.5,
      "p10_toxicity_pre_cellulose": 0.009728726101846266,
      "p50_toxicity_pre_cellulose": 0.015127441172771932,
      "p90_toxicity_pre_cellulose": 0.0239076828973368,
      "p10_composite_score": 0.8541814722363074,
      "p50_composite_score": 0.8849354038749022,
      "p90_composite_score": 0.9054423663608654
    },
    {
      "input_rank": 54,
      "base_candidate": {
        "color_L": 16.212790540556526,
        "strength_g_tex": 28.995199798313628,
        "yield_index": 0.9010230951113503,
        "temporal_gap_days": 1.0,
        "toxicity_pre_cellulose": 0.018759718997629144,
        "mat_activation_dpa": 38.0,
        "scw_activation_dpa": 34.0,
        "mat_strength": 1.4,
        "scw_strength": 1.4,
        "k_competition": 0.05,
        "melanin_efficiency": 1.7,
        "late_retention_factor": 0.85
      },
      "n_trials": 120,
      "success_rate": 0.7666666666666667,
      "robust_score": 0.8075847382452156,
      "risk_temporal_overlap": 0.08333333333333333,
      "risk_strength_failure": 0.0,
      "risk_darkness_failure": 0.18333333333333332,
      "risk_yield_failure": 0.0,
      "risk_toxicity_failure": 0.0,
      "fragility_index": 0.07583333333333332,
      "p10_color_L": 15.13474779803851,
      "p50_color_L": 18.652229159181385,
      "p90_color_L": 23.65348728560457,
      "p10_strength_g_tex": 28.9109859868221,
      "p50_strength_g_tex": 29.042584214117465,
      "p90_strength_g_tex": 29.21548910634561,