{
  "simulation_days": 50.0,
  "peak_melA_dpa": 50.0,
  "peak_TYRP1_dpa": 50.0,
  "peak_DCT_dpa": 50.0,
  "cellulose_90pct_dpa": 38.375,
  "max_protein_melA": 1235.6784360955294,
  "max_protein_TYRP1": 1615.5644436392986,
  "max_protein_DCT": 1615.5644436392986
}