{
  "final_melanin_mM": 15.75251524031192,
  "tyrosine_consumed_pct": -32227.84341631152,
  "simulation_days": 50.0
}